win_rate,attendance
0,450
0.045454545,11324
0.076923077,4277
0.103448276,3400
0.142857143,3300
0.14893617,700
0.14893617,14404
0.16,1000
0.16,5200
0.166666667,4275
0.178571429,200
0.178571429,2000
0.178571429,8350
0.191489362,11100
0.192857143,3000
0.208333333,500
0.208333333,600
0.208333333,1200
0.210526316,5700
0.21969697,10000
0.222222222,700
0.224,6700
0.238095238,5000
0.243243243,8350
0.248366013,181274
0.248447205,925807
0.257142857,21200
0.26,6362
0.263157895,5000
0.265432099,1368245
0.268656716,2292
0.270967742,686671
0.272727273,1500
0.272727273,5000
0.275641026,142319
0.276923077,81606
0.277419355,101722
0.278145695,72827
0.279220779,16500
0.279220779,37000
0.282894737,61000
0.288888889,6000
0.291338583,4200
0.293233083,17200
0.294871795,46377
0.296052632,21266
0.296052632,364925
0.298013245,59195
0.298013245,98017
0.298701299,106000
0.298701299,267059
0.301886792,500
0.301886792,28355
0.302631579,2792
0.303225806,589994
0.304878049,1755366
0.305194805,25391
0.307692308,15678
0.307692308,60400
0.309210526,140000
0.314814815,1077322
0.314814815,1651883
0.314814815,2519560
0.316129032,11156
0.316129032,261422
0.316129032,561737
0.31884058,4000
0.320512821,1026966
0.320987654,626847
0.320987654,1213277
0.322368421,11333
0.322368421,103000
0.322580645,83100
0.323529412,2000
0.323529412,6150
0.324675325,560212
0.324675325,788826
0.324840764,228866
0.325153374,1734389
0.325757576,1000
0.325757576,5200
0.326797386,26000
0.326797386,36000
0.326797386,298470
0.326797386,307816
0.326923077,307652
0.327160494,1168610
0.327160494,1431659
0.329032258,18000
0.329032258,180000
0.331168831,155500
0.331168831,289500
0.331168831,799447
0.333333333,45050
0.333333333,306763
0.333333333,1750395
0.335403727,1660738
0.335403727,1794651
0.335483871,195764
0.3375,848097
0.337579618,240162
0.337662338,11000
0.337662338,25000
0.337662338,60000
0.337662338,309794
0.337662338,323395
0.337662338,1011285
0.339506173,646698
0.339506173,1607733
0.339869281,459023
0.34057971,67400
0.340909091,103069
0.341269841,3500
0.341614907,1065742
0.341614907,1503353
0.341935484,114000
0.341935484,310229
0.342105263,129163
0.344155844,17500
0.344155844,60000
0.344155844,158500
0.344155844,208080
0.344155844,347337
0.344155844,422001
0.344155844,568352
0.344827586,2200
0.344827586,9500
0.345323741,1200
0.345323741,6000
0.345323741,6300
0.345679012,494411
0.345679012,543631
0.345679012,1371181
0.345679012,1969153
0.345679012,2067016
0.346405229,98000
0.348387097,154400
0.349056604,755083
0.349693252,635465
0.35,866906
0.350649351,219500
0.350649351,228483
0.350649351,321777
0.350649351,522941
0.350649351,667287
0.350649351,1060910
0.351851852,686162
0.351851852,1051863
0.351851852,1613399
0.352564103,105026
0.352564103,558367
0.354037267,735900
0.357142857,146309
0.357142857,223050
0.357142857,470437
0.358024691,1661478
0.358490566,565615
0.358490566,1038439
0.358974359,203411
0.359477124,37500
0.359477124,514241
0.361290323,11000
0.361290323,423622
0.361842105,205000
0.36196319,837886
0.362416107,2000
0.363636364,185500
0.363636364,807697
0.364197531,523276
0.364197531,593068
0.364197531,635890
0.364197531,1543620
0.364197531,1817280
0.364197531,1873115
0.364197531,1963912
0.364238411,26933
0.365079365,8300
0.365384615,859200
0.366459627,1562509
0.366459627,2320400
0.367647059,8000
0.367741935,66806
0.367741935,278150
0.367741935,376500
0.368421053,2350
0.368794326,31000
0.37012987,90500
0.37012987,187000
0.37012987,203409
0.37012987,1167464
0.37037037,1500
0.37037037,591298
0.37037037,612005
0.37037037,655181
0.37037037,729741
0.37037037,808037
0.37037037,921186
0.37037037,1075471
0.37254902,342300
0.372727273,469090
0.372727273,559711
0.374193548,36000
0.374193548,106000
0.374193548,776734
0.375796178,403906
0.375838926,38500
0.37654321,680382
0.37654321,871526
0.37654321,1076898
0.37654321,1340706
0.37654321,1369031
0.37654321,1375432
0.37654321,1565500
0.37654321,2085168
0.37654321,2329702
0.37654321,2882756
0.376623377,38000
0.376623377,299641
0.378205128,1481637
0.378881988,549075
0.378881988,597597
0.379084967,8665
0.379084967,124480
0.379084967,199092
0.379084967,643273
0.379746835,869359
0.380645161,196877
0.380645161,344117
0.380645161,446801
0.381578947,53000
0.382165605,141800
0.382165605,800063
0.382716049,595271
0.382716049,651761
0.382716049,818697
0.382716049,1298075
0.382716049,1323036
0.382716049,1372684
0.382716049,1586322
0.382716049,2435868
0.383116883,101641
0.383116883,352471
0.383116883,861634
0.383116883,900130
0.384615385,782129
0.384615385,810675
0.385093168,628942
0.385093168,660747
0.385093168,1112461
0.385093168,1577853
0.386503067,788764
0.386861314,10000
0.387096774,8500
0.387096774,142633
0.387096774,284000
0.388059701,10000
0.388157895,195500
0.388888889,519401
0.388888889,633369
0.388888889,1057668
0.388888889,1058695
0.388888889,1768413
0.388888889,1831080
0.388888889,2427535
0.388888889,2473366
0.388888889,2506023
0.388888889,2826445
0.388888889,2940731
0.388888889,3094841
0.388888889,3168116
0.389261745,100007
0.389312977,16200
0.38961039,519638
0.39047619,701910
0.391025641,495852
0.391304348,12655
0.391304348,25500
0.391304348,504765
0.391304348,1034808
0.391304348,1202829
0.392156863,24500
0.392638037,668215
0.392857143,19800
0.393333333,346573
0.393548387,137500
0.393548387,153000
0.394366197,43000
0.394736842,4192
0.394736842,39000
0.395061728,76345
0.395061728,857444
0.395061728,922106
0.395061728,1014629
0.395061728,1062782
0.395061728,1154432
0.395061728,1204582
0.395061728,1350601
0.395061728,1369420
0.395061728,1651367
0.395061728,1907163
0.395061728,1997385
0.395061728,2030084
0.395061728,2419506
0.395061728,2630458
0.395061728,3066756
0.396103896,93800
0.396103896,135393
0.396103896,189152
0.396103896,197100
0.396103896,293808
0.396103896,1212692
0.396103896,1269478
0.396226415,233850
0.396226415,655156
0.397435897,306121
0.397435897,711098
0.397435897,731816
0.397435897,1350832
0.397515528,914942
0.397515528,1501292
0.398773006,935496
0.4,65000
0.4,68650
0.4,454551
0.4,636276
0.4,850732
0.4,895034
0.4,904432
0.401234568,55000
0.401234568,692986
0.401234568,914909
0.401234568,1009748
0.401234568,1196152
0.401234568,1260565
0.401234568,1320469
0.401234568,1409391
0.401234568,1454101
0.401234568,1536101
0.401234568,1612769
0.401234568,1766242
0.401234568,1799686
0.401234568,1990042
0.401234568,2057224
0.401234568,2151470
0.401234568,2734511
0.401234568,3604237
0.401459854,5500
0.401709402,953886
0.402597403,27900
0.402597403,192500
0.402597403,214000
0.402597403,662134
0.402777778,911536
0.403726708,541282
0.403846154,5224
0.405228758,47000
0.405228758,58000
0.405228758,85500
0.405228758,122618
0.40625,2297327
0.406451613,686971
0.406451613,752432
0.406451613,1388453
0.407142857,42500
0.407407407,26917
0.407407407,719502
0.407407407,726155
0.407407407,1001551
0.407407407,1007867
0.407407407,1015378
0.407407407,1350047
0.407407407,1362189
0.407407407,1733019
0.407407407,1879757
0.407407407,1920995
0.407407407,2221230
0.407407407,2477644
0.407407407,2642682
0.407407407,2680329
0.407407407,2776354
0.407407407,3123215
0.407643312,422106
0.408695652,1512622
0.409090909,1400
0.409090909,11810
0.409090909,32000
0.409090909,42500
0.409090909,615890
0.409090909,958049
0.409937888,1011399
0.409937888,1933834
0.409937888,2168832
0.41025641,20000
0.41025641,185347
0.41025641,203000
0.41025641,673006
0.410596026,512320
0.411042945,1861985
0.411764706,236910
0.4125,768737
0.412903226,16000
0.412903226,277516
0.412903226,512132
0.412903226,799815
0.412903226,988441
0.412903226,1314316
0.413580247,217005
0.413580247,264297
0.413580247,531545
0.413580247,537050
0.413580247,844450
0.413580247,926272
0.413580247,1025956
0.413580247,1028223
0.413580247,1141774
0.413580247,1141915
0.413580247,1178738
0.413580247,1400327
0.413580247,1511073
0.413580247,1609076
0.413580247,1615326
0.413580247,1796354
0.413580247,1817245
0.413580247,1845251
0.413580247,1861549
0.413580247,1896321
0.413580247,1914389
0.413580247,2001392
0.413580247,2006436
0.413580247,2551102
0.413580247,2681439
0.413580247,2694946
0.413580247,2718733
0.413580247,2813854
0.413580247,4483203
0.414012739,86000
0.414012739,504400
0.414473684,347635
0.415584416,24750
0.415584416,29500
0.415584416,131750
0.415584416,477900
0.415584416,509482
0.415584416,661185
0.415584416,855096
0.415584416,924782
0.415584416,1138415
0.416149068,534552
0.416149068,1526638
0.416149068,1608509
0.416149068,1900041
0.416149068,2062382
0.416666667,160387
0.416666667,600419
0.416666667,1180979
0.417177914,905399
0.418300654,183500
0.418300654,839269
0.419354839,57300
0.419354839,145000
0.419354839,232133
0.419354839,766404
0.419753086,198211
0.419753086,394865
0.419753086,642743
0.419753086,772737
0.419753086,1099876
0.419753086,1213363
0.419753086,1286163
0.419753086,1413064
0.419753086,1418722
0.419753086,1490542
0.419753086,1603596
0.419753086,1700354
0.419753086,1727001
0.419753086,1738658
0.419753086,1749142
0.419753086,1768175
0.419753086,1894085
0.419753086,2029063
0.419753086,2189948
0.419753086,2338069
0.419753086,2351422
0.419753086,2506789
0.419753086,2542558
0.419753086,2811040
0.419847328,13238
0.420382166,960253
0.421052632,173072
0.421568627,4125
0.422077922,233000
0.422077922,596500
0.422077922,1129765
0.422222222,20000
0.422222222,256937
0.422360248,12582
0.422360248,1020354
0.422360248,1457147
0.422360248,1950075
0.422360248,2008332
0.422535211,29202
0.422818792,147000
0.423076923,567655
0.423312883,902380
0.423312883,1560950
0.424836601,423050
0.425531915,50800
0.425806452,48933
0.425806452,99500
0.425806452,192000
0.425806452,504714
0.425806452,796917
0.425925926,527017
0.425925926,875902
0.425925926,1059415
0.425925926,1278221
0.425925926,1348285
0.425925926,1375269
0.425925926,1391644
0.425925926,1521506
0.425925926,1616867
0.425925926,1695077
0.425925926,1748908
0.425925926,1749657
0.425925926,1755461
0.425925926,1828065
0.425925926,2036216
0.425925926,2172487
0.425925926,2219444
0.425925926,2355259
0.425925926,2724859
0.425925926,3043003
0.426751592,303500
0.427419355,127250
0.427631579,10000
0.427631579,320679
0.428571429,517500
0.428571429,731533
0.428571429,968724
0.428571429,1045646
0.428571429,1102430
0.428571429,1217403
0.428571429,1549592
0.428571429,2026491
0.429487179,74000
0.429487179,283598
0.429487179,525373
0.429487179,746293
0.4296875,1165
0.430555556,18500
0.431372549,57500
0.431372549,62000
0.431372549,122500
0.431372549,395152
0.431372549,542506
0.432098765,562913
0.432098765,604422
0.432098765,768937
0.432098765,817947
0.432098765,824750
0.432098765,868272
0.432098765,1165980
0.432098765,1212873
0.432098765,1270073
0.432098765,1751829
0.432098765,1927448
0.432098765,2129183
0.432098765,2153150
0.432098765,2250606
0.432098765,2253040
0.432098765,2555376
0.432098765,2573275
0.432098765,3154270
0.432258065,667704
0.432258065,763937
0.433121019,9611
0.433566434,1756061
0.433628319,1845278
0.433962264,807123
0.434782609,25000
0.434782609,36500
0.434782609,61155
0.434782609,110000
0.434782609,837484
0.434782609,1164911
0.434782609,1256722
0.434782609,1582084
0.434782609,1820183
0.435064935,24000
0.435064935,52877
0.435064935,83500
0.435064935,410048
0.435064935,635516
0.435064935,665345
0.435582822,758728
0.435582822,2454523
0.435897436,178895
0.435897436,875931
0.436241611,244500
0.436708861,79500
0.437086093,539962
0.4375,1123
0.4375,3500
0.4375,1102288
0.4375,1224803
0.4375,1859102
0.437908497,195500
0.438271605,605066
0.438271605,1256566
0.438271605,1281747
0.438271605,1293053
0.438271605,1370511
0.438271605,1475932
0.438271605,1483702
0.438271605,1483812
0.438271605,1582648
0.438271605,1724450
0.438271605,1727328
0.438271605,1752235
0.438271605,1761546
0.438271605,1863729
0.438271605,1915144
0.438271605,2024505
0.438271605,2054523
0.438271605,2063049
0.438271605,2094394
0.438271605,2143018
0.438271605,2153080
0.438271605,2318321
0.438271605,2800075
0.438271605,2956089
0.438271605,3017966
0.438271605,3223202
0.438271605,3603680
0.438709677,382197
0.438709677,532664
0.438709677,586267
0.438709677,718837
0.438709677,1080540
0.43902439,632788
0.44,33500
0.44,113500
0.440993789,920869
0.440993789,978045
0.440993789,1115655
0.440993789,1359995
0.440993789,1491100
0.441558442,132000
0.441558442,403200
0.441558442,430584
0.441558442,838079
0.441717791,1142656
0.441717791,1878398
0.442028986,1209
0.442028986,8000
0.442307692,470500
0.442307692,768500
0.442307692,930393
0.443478261,1942377
0.443708609,345398
0.44375,250300
0.444444444,43100
0.444444444,88306
0.444444444,126000
0.444444444,267800
0.444444444,290176
0.444444444,427900
0.444444444,519991
0.444444444,635224
0.444444444,726000
0.444444444,815197
0.444444444,883279
0.444444444,1200323
0.444444444,1245346
0.444444444,1326718
0.444444444,1424017
0.444444444,1477462
0.444444444,1561218
0.444444444,1739859
0.444444444,1779534
0.444444444,1867689
0.444444444,1917004
0.444444444,1940429
0.444444444,2058593
0.444444444,2065434
0.444444444,2352397
0.444444444,2532834
0.444444444,2684395
0.444444444,2863837
0.444444444,3056139
0.444444444,3481065
0.44516129,96800
0.44516129,645578
0.44516129,1063478
0.44516129,1412044
0.445205479,23250
0.445859873,189223
0.445859873,359300
0.445859873,508800
0.445945946,469927
0.446540881,344700
0.446540881,589817
0.446601942,549369
0.447204969,1058103
0.447204969,1387152
0.447204969,1494875
0.447204969,1583031
0.447204969,1784970
0.447368421,1240920
0.447852761,1152438
0.447852761,1573621
0.447852761,1781657
0.447852761,1943166
0.448051948,130791
0.448051948,141500
0.448051948,404801
0.448051948,593930
0.448051948,677883
0.448051948,897473
0.448051948,931510
0.448275862,14050
0.448529412,10000
0.448717949,110500
0.448717949,413950
0.448717949,1149506
0.450617284,751929
0.450617284,787880
0.450617284,1250410
0.450617284,1285635
0.450617284,1295433
0.450617284,1322079
0.450617284,1424449
0.450617284,1458478
0.450617284,1650821
0.450617284,1665034
0.450617284,1961579
0.450617284,1973222
0.450617284,2099663
0.450617284,2315244
0.450617284,2423852
0.450617284,2454428
0.450617284,2469489
0.450617284,2652113
0.450617284,2654568
0.450617284,2740614
0.450617284,2800409
0.450617284,2831111
0.450617284,2909777
0.450617284,3012403
0.450617284,3020405
0.450617284,3033208
0.450617284,3168579
0.450980392,253000
0.451219512,1374421
0.451388889,1088220
0.451612903,145116
0.451612903,288975
0.451612903,570863
0.451612903,761542
0.451612903,849187
0.451612903,892006
0.452229299,521531
0.452229299,645846
0.452380952,5000
0.452991453,3281464
0.45323741,11000
0.453416149,708247
0.454545455,5000
0.454545455,92500
0.454545455,284324
0.454545455,462250
0.455128205,312368
0.456140351,2502662
0.45625,1280702
0.456790123,27104
0.456790123,625382
0.456790123,783735
0.456790123,869874
0.456790123,1092244
0.456790123,1127603
0.456790123,1128233
0.456790123,1192882
0.456790123,1232363
0.456790123,1294941
0.456790123,1399755
0.456790123,1410065
0.456790123,1435133
0.456790123,1476791
0.456790123,1754348
0.456790123,1775008
0.456790123,1805776
0.456790123,1811548
0.456790123,2058632
0.456790123,2135657
0.456790123,2135827
0.456790123,2242803
0.456790123,2334175
0.456790123,2372377
0.456790123,2459752
0.456790123,2496434
0.456790123,2521081
0.456790123,2531105
0.456790123,2536562
0.456790123,2559910
0.456790123,2621940
0.456790123,2624804
0.456790123,2650218
0.456790123,2793828
0.456790123,3016142
0.456790123,3202654
0.456790123,3297031
0.456953642,728519
0.45751634,29500
0.45751634,146034
0.45751634,304500
0.45751634,608000
0.45751634,613000
0.457746479,48000
0.458064516,421600
0.458064516,440500
0.458333333,1308618
0.458598726,2500
0.458598726,31200
0.459627329,1471533
0.459627329,1701790
0.459627329,2196200
0.459627329,2726048
0.459677419,39000
0.460122699,731378
0.460869565,1184783
0.460869565,1268398
0.460869565,1839098
0.460992908,13000
0.461038961,4582
0.461038961,63000
0.461038961,154500
0.461038961,559186
0.461038961,929953
0.461038961,934798
0.461038961,1151336
0.461038961,1447122
0.461038961,1804218
0.461538462,2400
0.461538462,232462
0.461538462,759774
0.462025316,316307
0.4625,773599
0.4625,940848
0.462962963,570253
0.462962963,666463
0.462962963,696654
0.462962963,773195
0.462962963,908202
0.462962963,1026785
0.462962963,1034819
0.462962963,1313560
0.462962963,1338851
0.462962963,1408783
0.462962963,1423963
0.462962963,1437190
0.462962963,1578922
0.462962963,1636751
0.462962963,1652922
0.462962963,1715702
0.462962963,1721920
0.462962963,1737489
0.462962963,1763749
0.462962963,1830350
0.462962963,1876129
0.462962963,1894172
0.462962963,1922603
0.462962963,1979440
0.462962963,1998319
0.462962963,2335643
0.462962963,2340905
0.462962963,2353862
0.462962963,2602524
0.462962963,2696208
0.462962963,3062973
0.462962963,3181020
0.463636364,1441545
0.464052288,1385
0.464052288,90000
0.464052288,289493
0.464516129,124814
0.464516129,162500
0.464516129,166597
0.464516129,448089
0.464788732,43800
0.464912281,1222579
0.465277778,1174441
0.465277778,1231591
0.465838509,89363
0.465838509,770802
0.465838509,1098130
0.465838509,1436006
0.465838509,1575899
0.465838509,2244536
0.465838509,2804838
0.465838509,3235833
0.466257669,850846
0.466257669,1198165
0.466666667,10054
0.467105263,210000
0.467153285,29500
0.46728972,534107
0.467532468,137000
0.467532468,380000
0.467532468,869060
0.467532468,993992
0.467532468,1056943
0.467532468,1101668
0.467948718,85000
0.467948718,344750
0.467948718,597272
0.467948718,899937
0.467948718,1221472
0.468531469,1697414
0.46875,1000
0.46875,1500
0.46875,5500
0.46875,15950
0.46875,28389
0.468965517,1609775
0.469026549,1398565
0.469135802,77432
0.469135802,668040
0.469135802,728209
0.469135802,751639
0.469135802,802848
0.469135802,926253
0.469135802,938822
0.469135802,1006774
0.469135802,1070387
0.469135802,1078800
0.469135802,1161682
0.469135802,1224274
0.469135802,1261216
0.469135802,1314646
0.469135802,1427181
0.469135802,1581093
0.469135802,1627777
0.469135802,1748737
0.469135802,1755810
0.469135802,1790058
0.469135802,1920997
0.469135802,1921844
0.469135802,2011901
0.469135802,2091005
0.469135802,2104560
0.469135802,2123721
0.469135802,2166691
0.469135802,2177908
0.469135802,2193581
0.469135802,2219110
0.469135802,2287250
0.469135802,2320764
0.469135802,2331490
0.469135802,2423142
0.469135802,2476664
0.469135802,2589317
0.469135802,2892089
0.469135802,3326796
0.469565217,1775541
0.469565217,2289963
0.470198675,317
0.470588235,228461
0.470967742,20157
0.47133758,145386
0.47133758,352550
0.472049689,765788
0.472049689,854902
0.472049689,942729
0.472049689,2035202
0.472049689,2420997
0.472049689,2651511
0.472049689,3130304
0.472392638,1362314
0.472392638,2088534
0.473333333,657826
0.473684211,874658
0.474025974,743481
0.474025974,915332
0.474025974,944204
0.474025974,1117226
0.474358974,678688
0.474576271,75692
0.474820144,13000
0.475,723710
0.475,745156
0.475308642,795590
0.475308642,1111450
0.475308642,1174292
0.475308642,1208070
0.475308642,1228031
0.475308642,1304296
0.475308642,1315260
0.475308642,1334627
0.475308642,1353281
0.475308642,1379214
0.475308642,1446464
0.475308642,1509714
0.475308642,1560396
0.475308642,1652063
0.475308642,1677915
0.475308642,1732283
0.475308642,1793676
0.475308642,1825337
0.475308642,1992124
0.475308642,2059331
0.475308642,2161534
0.475308642,2195373
0.475308642,2198231
0.475308642,2243394
0.475308642,2352596
0.475308642,2776531
0.475308642,2923590
0.475308642,3061094
0.475308642,3098990
0.475308642,3791276
0.476190476,600
0.476190476,8000
0.477419355,649996
0.477419355,829414
0.477419355,892196
0.477419355,966898
0.477707006,636683
0.477707006,1103302
0.477987421,737156
0.47826087,10000
0.47826087,67000
0.47826087,769206
0.47826087,1265041
0.47826087,1351971
0.47826087,1704317
0.47826087,2263729
0.47826087,2907949
0.478571429,25000
0.479166667,1273186
0.479166667,2048588
0.480263158,340009
0.480314961,41000
0.480519481,116000
0.480519481,369000
0.480519481,474862
0.480519481,542565
0.480519481,722881
0.480519481,801299
0.480519481,825765
0.480769231,111700
0.480769231,406148
0.480769231,1196894
0.48125,2311520
0.48125,2943833
0.481481481,54986
0.481481481,1044041
0.481481481,1132362
0.481481481,1133010
0.481481481,1165120
0.481481481,1275908
0.481481481,1421790
0.481481481,1437446
0.481481481,1507166
0.481481481,1638170
0.481481481,1746293
0.481481481,1747919
0.481481481,1780794
0.481481481,1855775
0.481481481,1998070
0.481481481,2049958
0.481481481,2126720
0.481481481,2223602
0.481481481,2231649
0.481481481,2249201
0.481481481,2480717
0.481481481,2744013
0.481481481,2880694
0.481481481,3019505
0.481481481,3432099
0.481481481,3552180
0.481707317,653293
0.483660131,37816
0.483660131,371000
0.483660131,537500
0.483870968,1500
0.483870968,20500
0.483870968,32063
0.483870968,77000
0.483870968,106000
0.483870968,133000
0.483870968,178500
0.483870968,257000
0.483870968,314349
0.483870968,327800
0.483870968,600393
0.483870968,660010
0.483870968,736804
0.48447205,736120
0.48447205,1125164
0.48447205,1450029
0.48447205,1623419
0.48447205,1638023
0.484662577,1207508
0.484662577,1963886
0.484848485,42050
0.485436893,1279440
0.486111111,1052995
0.486111111,1237203
0.486725664,1152161
0.487012987,153500
0.487012987,153505
0.487012987,155000
0.487012987,298500
0.487012987,642511
0.487012987,778429
0.487012987,788575
0.487012987,990103
0.487012987,1199198
0.487179487,1061652
0.487654321,639361
0.487654321,813127
0.487654321,818762
0.487654321,832388
0.487654321,1057631
0.487654321,1099404
0.487654321,1127663
0.487654321,1141103
0.487654321,1246863
0.487654321,1247444
0.487654321,1256098
0.487654321,1260897
0.487654321,1395413
0.487654321,1470157
0.487654321,1481364
0.487654321,1495983
0.487654321,1501125
0.487654321,1694633
0.487654321,1816504
0.487654321,1945677
0.487654321,2001117
0.487654321,2041219
0.487654321,2080145
0.487654321,2091918
0.487654321,2148808
0.487654321,2213588
0.487654321,2284163
0.487654321,2296383
0.487654321,2343669
0.487654321,2354305
0.487654321,2378148
0.487654321,2525259
0.487654321,2533753
0.487654321,2549524
0.487654321,2573077
0.487654321,2860954
0.487654321,3100092
0.487654321,3134824
0.487654321,3684560
0.487804878,2234498
0.489361702,450000
0.490066225,92000
0.490066225,612500
0.490196078,345588
0.490322581,485575
0.490322581,563700
0.490322581,650500
0.490322581,1079869
0.49044586,73300
0.49068323,1019132
0.49068323,1218326
0.49068323,1712417
0.49068323,2498142
0.490797546,693386
0.490797546,1166453
0.490797546,1391146
0.492424242,161684
0.492753623,5000
0.492857143,2500
0.493055556,3101759
0.493421053,526300
0.493506494,6000
0.493506494,20800
0.493506494,65200
0.493506494,464714
0.493506494,717082
0.493506494,778052
0.493506494,973778
0.493506494,1029581
0.493506494,1149053
0.493506494,1223245
0.493589744,546353
0.493589744,666638
0.493589744,1147640
0.493670886,478900
0.49375,1036352
0.49382716,19891
0.49382716,55678
0.49382716,753256
0.49382716,759498
0.49382716,886622
0.49382716,1077387
0.49382716,1161193
0.49382716,1230579
0.49382716,1234891
0.49382716,1247668
0.49382716,1262039
0.49382716,1318558
0.49382716,1327150
0.49382716,1407756
0.49382716,1469216
0.49382716,1656343
0.49382716,1724891
0.49382716,1753706
0.49382716,1792067
0.49382716,1814401
0.49382716,1840835
0.49382716,1895236
0.49382716,2014995
0.49382716,2100110
0.49382716,2134472
0.49382716,2279508
0.49382716,2388757
0.49382716,2422054
0.49382716,2558640
0.49382716,3037451
0.49382716,3250754
0.49382716,3562318
0.496183206,7180
0.496598639,89500
0.496598639,497733
0.496688742,256000
0.496732026,109000
0.496732026,318000
0.496732026,372897
0.496732026,722256
0.496774194,324831
0.496774194,332500
0.496774194,524300
0.496774194,1030567
0.496815287,10000
0.496815287,707222
0.496855346,977056
0.49689441,522902
0.49689441,1618467
0.49689441,1865052
0.49689441,1940478
0.496932515,909012
0.496932515,1146398
0.496932515,1478659
0.496932515,1544736
0.496932515,1786463
0.5,17000
0.5,20400
0.5,24050
0.5,35250
0.5,39386
0.5,178945
0.5,273900
0.5,641345
0.5,647074
0.5,807571
0.5,907499
0.5,920251
0.5,934300
0.5,936402
0.5,1086484
0.5,1093105
0.5,1099580
0.5,1211348
0.5,1418391
0.5,1440753
0.5,1442995
0.5,1573906
0.5,1598373
0.5,1617391
0.5,1675591
0.5,1678922
0.5,1789073
0.5,1818103
0.5,1871459
0.5,1974300
0.5,2062966
0.5,2134895
0.5,2169760
0.5,2177617
0.5,2211023
0.5,2281202
0.5,2402997
0.5,2416146
0.5,2461237
0.5,2557712
0.5,2730352
0.5,3164720
0.5,3565718
0.503067485,667511
0.503067485,857017
0.503067485,1695034
0.503067485,2320556
0.50310559,762169
0.50310559,1011744
0.50310559,1048352
0.50310559,1388905
0.503184713,99055
0.503225806,20000
0.503225806,212662
0.503225806,228000
0.503225806,632945
0.503225806,1378865
0.503225806,1460245
0.503267974,258000
0.503267974,455632
0.503267974,663765
0.503597122,2108
0.504504505,632274
0.504854369,662417
0.506097561,1124049
0.50617284,760611
0.50617284,825512
0.50617284,993515
0.50617284,1006320
0.50617284,1070621
0.50617284,1074518
0.50617284,1393998
0.50617284,1721406
0.50617284,1730766
0.50617284,1933635
0.50617284,1977715
0.50617284,2052425
0.50617284,2066982
0.50617284,2161527
0.50617284,2509924
0.50617284,2658330
0.50617284,2797384
0.50617284,2869787
0.50617284,3022763
0.50617284,3295129
0.50617284,3856753
0.506410256,1796356
0.506493506,95000
0.506493506,334100
0.506493506,386137
0.506493506,449427
0.506493506,1040180
0.506493506,1272386
0.506493506,1688149
0.506578947,665000
0.506944444,1917546
0.507462687,7800
0.507462687,14000
0.50877193,2280140
0.509202454,733354
0.509202454,973770
0.509202454,3195651
0.50931677,1914695
0.50931677,2625333
0.50931677,2935139
0.509433962,944701
0.509433962,949821
0.50955414,65342
0.50955414,241800
0.50955414,376708
0.50955414,668753
0.50955414,1484848
0.509677419,120800
0.509677419,187500
0.509677419,631416
0.509677419,967715
0.509677419,1113379
0.509677419,1661402
0.509803922,25000
0.509803922,93568
0.509803922,97586
0.509803922,1095361
0.509933775,780148
0.51048951,2169
0.510791367,5800
0.510791367,109000
0.510948905,15000
0.512345679,9460
0.512345679,122157
0.512345679,312882
0.512345679,712757
0.512345679,812537
0.512345679,842319
0.512345679,1184383
0.512345679,1478814
0.512345679,1519672
0.512345679,1532385
0.512345679,1590563
0.512345679,1636058
0.512345679,1641757
0.512345679,1653007
0.512345679,1658282
0.512345679,1713645
0.512345679,1766172
0.512345679,1779895
0.512345679,1786482
0.512345679,1819919
0.512345679,1852602
0.512345679,1895885
0.512345679,1930537
0.512345679,2034243
0.512345679,2042604
0.512345679,2057917
0.512345679,2109966
0.512345679,2210352
0.512345679,2220054
0.512345679,2313931
0.512345679,2360648
0.512345679,2375525
0.512345679,2392471
0.512345679,2418483
0.512345679,2512069
0.512345679,2619843
0.512345679,2697456
0.512345679,2829930
0.512345679,2831385
0.512345679,2869144
0.512345679,2875245
0.512345679,3089222
0.512345679,3893433
0.512345679,3906328
0.512658228,274715
0.512820513,11000
0.512820513,222500
0.512987013,100000
0.512987013,313000
0.512987013,677500
0.512987013,1178828
0.513157895,127000
0.513888889,1985910
0.515151515,33755
0.515337423,779552
0.515337423,938516
0.515337423,1043409
0.515337423,1470977
0.515337423,1785360
0.515337423,2643428
0.515337423,2774849
0.51552795,1508563
0.51552795,2137434
0.51552795,3168859
0.51552795,3407104
0.515873016,56000
0.515923567,106500
0.515923567,341192
0.516129032,4740
0.516129032,130532
0.516129032,137298
0.516129032,856025
0.516339869,113000
0.516339869,650500
0.518518519,1026477
0.518518519,1227449
0.518518519,1558391
0.518518519,1642523
0.518518519,1659472
0.518518519,1669349
0.518518519,1774702
0.518518519,1803929
0.518518519,1810018
0.518518519,1874962
0.518518519,1941889
0.518518519,2046275
0.518518519,2059347
0.518518519,2163486
0.518518519,2185205
0.518518519,2306623
0.518518519,2449537
0.518518519,2512357
0.518518519,2595356
0.518518519,2713193
0.518518519,2745303
0.518518519,2805542
0.518518519,3063405
0.518518519,3375882
0.518518519,3401624
0.518518519,3730553
0.51875,1288046
0.51875,1956110
0.519230769,243481
0.519230769,481197
0.519230769,1224539
0.519480519,69800
0.519480519,89500
0.519480519,125000
0.519480519,573913
0.519480519,825202
0.519480519,924245
0.519480519,1070830
0.519480519,1272857
0.519736842,172000
0.519736842,457165
0.521472393,815921
0.521472393,1539796
0.521472393,1669970
0.521472393,2594132
0.52173913,1162727
0.52173913,1193867
0.52173913,1318067
0.52173913,1335076
0.52173913,1502494
0.52173913,2286610
0.52173913,2349181
0.522058824,10000
0.52238806,183180
0.522580645,177200
0.522580645,924496
0.522580645,977318
0.522580645,1328381
0.522580645,1626662
0.522727273,1200
0.522875817,379973
0.523076923,72397
0.523178808,476100
0.523489933,74970
0.524390244,3099147
0.524691358,130073
0.524691358,715394
0.524691358,1131562
0.524691358,1166099
0.524691358,1352942
0.524691358,1421391
0.524691358,1437393
0.524691358,1495482
0.524691358,1630612
0.524691358,1666025
0.524691358,1724146
0.524691358,1782926
0.524691358,1794527
0.524691358,1965955
0.524691358,1971401
0.524691358,2001105
0.524691358,2037206
0.524691358,2081506
0.524691358,2082203
0.524691358,2195128
0.524691358,2261845
0.524691358,2297718
0.524691358,2315349
0.524691358,2357561
0.524691358,2519280
0.524691358,2585895
0.524691358,2701815
0.524691358,2910386
0.524691358,2942251
0.524691358,3012765
0.524691358,3138696
0.524691358,3252462
0.524691358,3279589
0.524691358,3643768
0.525,137492
0.525641026,101800
0.525641026,318500
0.525974026,20735
0.525974026,106000
0.525974026,125500
0.525974026,491611
0.525974026,624036
0.525974026,731000
0.525974026,820905
0.525974026,831622
0.525974026,952706
0.527131783,51525
0.527607362,1162030
0.527607362,1628406
0.527607362,2455477
0.527607362,2567192
0.527777778,1392683
0.527950311,910784
0.527950311,1207581
0.527950311,1630939
0.527950311,2633633
0.527950311,2721073
0.528571429,500
0.528571429,800
0.528571429,25229
0.52866242,179273
0.52866242,201800
0.52866242,872727
0.52866242,1460821
0.529032258,7550
0.529032258,157699
0.529032258,548169
0.529032258,589763
0.529032258,610677
0.529032258,797566
0.529032258,1038560
0.529032258,1340934
0.529411765,50350
0.529411765,454900
0.529411765,692492
0.530864198,555668
0.530864198,740404
0.530864198,760053
0.530864198,801749
0.530864198,856815
0.530864198,858708
0.530864198,914227
0.530864198,1098557
0.530864198,1135590
0.530864198,1470364
0.530864198,1660551
0.530864198,1692432
0.530864198,1714843
0.530864198,1750754
0.530864198,1792054
0.530864198,1799818
0.530864198,1863215
0.530864198,1865583
0.530864198,1882655
0.530864198,1908969
0.530864198,1939594
0.530864198,2078365
0.530864198,2153585
0.530864198,2252616
0.530864198,2259948
0.530864198,2267928
0.530864198,2319792
0.530864198,2373631
0.530864198,2399786
0.530864198,2652422
0.530864198,2681156
0.530864198,2930768
0.530864198,3002950
0.530864198,3011539
0.530864198,3017143
0.530864198,3166321
0.530864198,3250092
0.530864198,3301218
0.530864198,3324246
0.530864198,3387303
0.530864198,3430403
0.530864198,3444490
0.530864198,3884384
0.53125,1865713
0.531914894,51779
0.532051282,129000
0.532051282,133884
0.532051282,476000
0.532051282,902443
0.532051282,919747
0.532051282,1491227
0.532051282,2134194
0.532467532,58800
0.532467532,112000
0.532467532,184500
0.532467532,324600
0.532467532,334500
0.532467532,747909
0.532467532,1181184
0.532467532,2268988
0.532894737,108000
0.532894737,144500
0.532894737,1027825
0.533742331,2416237
0.533834586,15000
0.534161491,38599
0.534161491,1838413
0.534161491,1918623
0.534161491,2493859
0.534161491,2740888
0.534161491,3394750
0.534722222,3402209
0.535031847,137000
0.535031847,1048457
0.535483871,340384
0.535483871,1101351
0.535714286,177456
0.535947712,94964
0.535947712,216500
0.535947712,234873
0.535947712,355504
0.537037037,908149
0.537037037,957700
0.537037037,962727
0.537037037,977226
0.537037037,1108191
0.537037037,1228846
0.537037037,1434632
0.537037037,1447963
0.537037037,1464109
0.537037037,1567787
0.537037037,1594593
0.537037037,1682673
0.537037037,1692021
0.537037037,1731566
0.537037037,1755386
0.537037037,1823496
0.537037037,1837449
0.537037037,1899437
0.537037037,1928238
0.537037037,2064334
0.537037037,2156016
0.537037037,2266725
0.537037037,2302182
0.537037037,2455241
0.537037037,2539245
0.537037037,2595275
0.537037037,2789602
0.537037037,2840533
0.537037037,2916960
0.537037037,2968154
0.537037037,3016752
0.537037037,3193795
0.537037037,3365256
0.537878788,15000
0.537931034,1748797
0.537974684,1438457
0.538461538,265255
0.538461538,388324
0.538461538,559300
0.538461538,614800
0.538461538,821212
0.538961039,390500
0.538961039,491700
0.538961039,1046204
0.538961039,1421630
0.539007092,12000
0.539007092,17000
0.539007092,22000
0.539877301,837224
0.539877301,981083
0.539877301,2302431
0.539877301,2454303
0.539877301,3654764
0.540372671,780945
0.540372671,1697141
0.540372671,2062528
0.540372671,3227657
0.541353383,38516
0.541401274,230000
0.541666667,2766628
0.541935484,15000
0.541935484,784344
0.541935484,786000
0.541935484,1137658
0.541935484,1390842
0.54248366,179360
0.542857143,853032
0.543046358,272651
0.543046358,717291
0.543209877,769349
0.543209877,778395
0.543209877,834415
0.543209877,912022
0.543209877,1058792
0.543209877,1110737
0.543209877,1124294
0.543209877,1345441
0.543209877,1570924
0.543209877,1618571
0.543209877,1775201
0.543209877,2003628
0.543209877,2081102
0.543209877,2108818
0.543209877,2116740
0.543209877,2194378
0.543209877,2287942
0.543209877,2416837
0.543209877,2442564
0.543209877,2491875
0.543209877,2512898
0.543209877,2523575
0.543209877,2526031
0.543209877,2552103
0.543209877,2645824
0.543209877,2659732
0.543209877,2665291
0.543209877,2672409
0.543209877,2779465
0.543209877,2823494
0.543209877,2861111
0.543209877,2927409
0.543209877,2962630
0.543209877,3028033
0.543209877,3047124
0.543209877,3262109
0.543209877,3319320
0.543209877,3368697
0.543209877,3608881
0.543209877,3758421
0.543209877,3853955
0.543478261,3078
0.543478261,41725
0.544117647,15948
0.544827586,1640379
0.544827586,1709199
0.544871795,1330571
0.545454545,127390
0.545454545,922438
0.545454545,936605
0.545454545,1202885
0.545454545,1289176
0.54601227,987991
0.54601227,1925634
0.54601227,2031596
0.54601227,2110009
0.54601227,2501103
0.54601227,2790074
0.54601227,2804760
0.546052632,871690
0.546099291,15500
0.546296296,1060659
0.546583851,964106
0.54676259,12000
0.547169811,17700
0.547770701,1739724
0.548387097,15556
0.548387097,225500
0.548387097,753421
0.548387097,1077924
0.548387097,1391251
0.548387097,1423484
0.548387097,1860498
0.549019608,660245
0.549019608,1109909
0.549019608,1464244
0.549382716,386907
0.549382716,748571
0.549382716,778436
0.549382716,955100
0.549382716,986471
0.549382716,1029735
0.549382716,1048540
0.549382716,1259556
0.549382716,1290480
0.549382716,1483301
0.549382716,1738855
0.549382716,1800376
0.549382716,1834619
0.549382716,1915449
0.549382716,1930277
0.549382716,1954038
0.549382716,1956482
0.549382716,2064549
0.549382716,2108158
0.549382716,2172344
0.549382716,2372940
0.549382716,2374711
0.549382716,2427702
0.549382716,2463339
0.549382716,2513685
0.549382716,2628122
0.549382716,3046445
0.549382716,3061770
0.549382716,3108330
0.549382716,3170154
0.549382716,3392099
0.549382716,3406790
0.549382716,3467299
0.549382716,3569534
0.549382716,4042047
0.549382716,4298655
0.550387597,11950
0.550387597,72722
0.550387597,205301
0.550458716,1149744
0.551282051,6000
0.551282051,301130
0.551282051,405297
0.551282051,1938791
0.551401869,1614482
0.551401869,1638914
0.551948052,103000
0.551948052,134000
0.551948052,674763
0.551948052,1024783
0.551948052,1970212
0.552147239,916743
0.552147239,1604431
0.552147239,2128345
0.552147239,2376250
0.552147239,2623000
0.552147239,2889040
0.552631579,989000
0.553333333,50159
0.553846154,57730
0.554140127,54700
0.554140127,449880
0.554545455,1321222
0.55483871,113612
0.55483871,326000
0.55483871,570313
0.55483871,974000
0.55483871,1096272
0.554878049,1481259
0.555555556,42310
0.555555556,836662
0.555555556,873603
0.555555556,994500
0.555555556,1119834
0.555555556,1503544
0.555555556,1534663
0.555555556,1559681
0.555555556,1584063
0.555555556,1679160
0.555555556,1680296
0.555555556,1696583
0.555555556,1829481
0.555555556,1917863
0.555555556,1946011
0.555555556,2131774
0.555555556,2185122
0.555555556,2268186
0.555555556,2279464
0.555555556,2315946
0.555555556,2316507
0.555555556,2482188
0.555555556,2492101
0.555555556,2505171
0.555555556,2521534
0.555555556,2567787
0.555555556,2569753
0.555555556,2582409
0.555555556,2917209
0.555555556,2957414
0.555555556,3054001
0.555555556,3068908
0.555555556,3093954
0.555555556,3188454
0.555555556,3197054
0.555555556,3311000
0.555555556,3456278
0.555555556,3540649
0.55625,2543848
0.556521739,1400581
0.557142857,81028
0.557692308,756890
0.558282209,1435640
0.558282209,1458411
0.558282209,3178273
0.558282209,3509313
0.558441558,6000
0.558441558,315000
0.558441558,320867
0.558441558,336000
0.558441558,411000
0.558441558,463000
0.558441558,1056046
0.558441558,1308561
0.559006211,1033755
0.559006211,2356933
0.559055118,34000
0.559210526,124000
0.560509554,51150
0.560606061,26684
0.561151079,6775
0.561290323,7311
0.561290323,15000
0.561290323,283105
0.561290323,424939
0.561290323,1069629
0.561290323,1828193
0.561728395,67382
0.561728395,876084
0.561728395,962620
0.561728395,1151805
0.561728395,1242500
0.561728395,1303214
0.561728395,1529188
0.561728395,1591037
0.561728395,1850324
0.561728395,1908784
0.561728395,2060550
0.561728395,2140536
0.561728395,2162715
0.561728395,2201516
0.561728395,2249688
0.561728395,2407563
0.561728395,2510121
0.561728395,2644233
0.561728395,2658957
0.561728395,2733555
0.561728395,3029999
0.561728395,3148317
0.561728395,3182523
0.561728395,3256854
0.561728395,3343252
0.561728395,3703312
0.561728395,4001526
0.561904762,1024831
0.562091503,73374
0.562091503,288062
0.562091503,303562
0.5625,2535359
0.563291139,26000
0.564102564,114671
0.564102564,930449
0.564102564,969439
0.564102564,2083524
0.564285714,4000
0.564285714,15100
0.564417178,863670
0.564417178,1510300
0.564417178,1674953
0.564417178,3248887
0.564935065,11173
0.564935065,157000
0.564935065,166500
0.564935065,243100
0.564935065,417000
0.564935065,468684
0.564935065,477500
0.564935065,762134
0.564935065,763344
0.564935065,1183205
0.564935065,1198654
0.564935065,1311663
0.564935065,1644460
0.564935065,2121974
0.565217391,1406627
0.565217391,1728885
0.565789474,354138
0.565789474,700600
0.565789474,859700
0.565891473,2800
0.565891473,36000
0.566037736,1002125
0.566176471,28000
0.566878981,11081
0.567164179,6691
0.567164179,29000
0.567375887,729500
0.567741935,4000
0.567741935,851948
0.567741935,1108624
0.567741935,1247943
0.567901235,1025952
0.567901235,1196618
0.567901235,1425972
0.567901235,1572926
0.567901235,1694362
0.567901235,1786900
0.567901235,1857351
0.567901235,1911490
0.567901235,1984953
0.567901235,2080296
0.567901235,2111922
0.567901235,2255051
0.567901235,2255493
0.567901235,2343930
0.567901235,2352567
0.567901235,2386301
0.567901235,2475368
0.567901235,2655459
0.567901235,2665080
0.567901235,2735821
0.567901235,3027121
0.567901235,3037267
0.567901235,3087872
0.567901235,3131255
0.567901235,3375677
0.567901235,3422583
0.567901235,3743527
0.567901235,3764815
0.568627451,43000
0.568627451,88979
0.568627451,527500
0.56875,2353125
0.568807339,878482
0.569620253,666513
0.570512821,279279
0.570512821,1238093
0.570512821,1268325
0.570552147,1136873
0.570552147,2308092
0.571428571,1000
0.571428571,8134
0.571428571,127000
0.571428571,229000
0.571428571,310500
0.571428571,653236
0.571428571,869645
0.571428571,913422
0.571428571,1270013
0.571428571,1498859
0.571428571,2532497
0.572327044,105823
0.572580645,251700
0.572727273,2382579
0.572815534,1010247
0.573248408,402985
0.573913043,1560970
0.573913043,1897591
0.574074074,1142667
0.574074074,1169364
0.574074074,1501047
0.574074074,1581834
0.574074074,1976625
0.574074074,2014220
0.574074074,2102240
0.574074074,2491932
0.574074074,2650859
0.574074074,2794891
0.574074074,2807360
0.574074074,2906277
0.574074074,2955434
0.574074074,3083397
0.574074074,3109578
0.574074074,3267509
0.574074074,3346630
0.574074074,3460280
0.574074074,3488283
0.574074074,3539938
0.574074074,3600693
0.574193548,233948
0.574193548,423116
0.574193548,569950
0.574193548,759035
0.574193548,1175019
0.574626866,24264
0.575163399,886700
0.576642336,20800
0.576687117,1613685
0.576687117,1641438
0.576923077,850385
0.577464789,37700
0.577639752,1071614
0.577639752,1657192
0.577922078,345887
0.577922078,563473
0.577922078,665174
0.577922078,1187815
0.577922078,1499139
0.577922078,1804865
0.577922078,2263384
0.577922078,2324592
0.579617834,1206813
0.580246914,55000
0.580246914,87618
0.580246914,784803
0.580246914,1000045
0.580246914,1179117
0.580246914,1274962
0.580246914,1591395
0.580246914,2002359
0.580246914,2105432
0.580246914,2140217
0.580246914,2256862
0.580246914,2420171
0.580246914,2446277
0.580246914,2581061
0.580246914,2765530
0.580246914,2980262
0.580246914,3223640
0.580246914,3365632
0.580246914,3377371
0.580246914,3782337
0.580246914,4271867
0.580645161,44500
0.580645161,369314
0.580645161,1128219
0.580645161,1161856
0.581699346,1528584
0.582822086,960819
0.582822086,1546066
0.582822086,1978815
0.583333333,300
0.583333333,673500
0.583333333,694081
0.583850932,1591667
0.583850932,1924354
0.583941606,17900
0.584070796,1995474
0.584415584,318300
0.584415584,631000
0.585526316,660998
0.5859375,26500
0.585987261,1838643
0.586419753,1133319
0.586419753,1971446
0.586419753,2051806
0.586419753,2139452
0.586419753,2293842
0.586419753,2481938
0.586419753,2595937
0.586419753,2617056
0.586419753,2642045
0.586419753,2708549
0.586419753,2710402
0.586419753,2724165
0.586419753,2774501
0.586419753,2847798
0.586419753,3048250
0.586419753,3062699
0.586419753,3073131
0.586419753,3234304
0.586419753,3253203
0.586419753,3264683
0.586419753,3336493
0.586419753,3347803
0.586419753,3404636
0.586419753,3542406
0.586419753,3761669
0.586419753,3765807
0.586419753,4057747
0.586419753,4090440
0.586466165,11166
0.586466165,21000
0.586666667,661100
0.587096774,445000
0.587096774,884500
0.587096774,1103418
0.587096774,1155676
0.587155963,1298105
0.588235294,507000
0.588235294,532500
0.588235294,575200
0.588957055,2061324
0.58974359,240500
0.58974359,338500
0.590062112,1918893
0.590062112,2146694
0.590062112,3264847
0.590277778,1830015
0.590909091,99500
0.590909091,268000
0.590909091,360268
0.590909091,934000
0.590909091,1489733
0.592592593,52496
0.592592593,1237359
0.592592593,1606325
0.592592593,1734266
0.592592593,1809302
0.592592593,1834523
0.592592593,1865002
0.592592593,2216596
0.592592593,2223415
0.592592593,2285018
0.592592593,2322565
0.592592593,2464473
0.592592593,2494160
0.592592593,2548679
0.592592593,2579389
0.592592593,2581043
0.592592593,2778459
0.592592593,2898806
0.592592593,2946949
0.592592593,2970755
0.592592593,3071373
0.592592593,4028318
0.592857143,20000
0.592920354,1697448
0.593548387,426751
0.593548387,1074297
0.593548387,1098000
0.593548387,1396281
0.593548387,1532407
0.593548387,1732464
0.593548387,2092388
0.59375,1748518
0.59375,2102153
0.594936709,223900
0.594936709,248562
0.595092025,1126449
0.595092025,2726008
0.595238095,26000
0.595588235,2014
0.595588235,20000
0.596153846,973000
0.596273292,2108055
0.596491228,2534240
0.596638655,9058
0.597122302,19510
0.597222222,2164401
0.597315436,813181
0.597402597,264058
0.597402597,868000
0.597402597,953625
0.597402597,960027
0.597402597,1113352
0.597402597,1952803
0.598684211,545180
0.598684211,1013485
0.598765432,26798
0.598765432,960307
0.598765432,1319387
0.598765432,1540368
0.598765432,1785188
0.598765432,2011567
0.598765432,2290056
0.598765432,2347251
0.598765432,2560648
0.598765432,2706017
0.598765432,2833333
0.598765432,2919122
0.598765432,3011756
0.598765432,3137512
0.598765432,3240386
0.598765432,3315330
0.598765432,3369769
0.598765432,3372045
0.598765432,3468436
0.598765432,3647249
0.598765432,3653680
0.598765432,4247980
0.6,9500
0.6,13100
0.6,29600
0.6,645500
0.6,660650
0.6,704000
0.6,927544
0.6,1480340
0.6,1687878
0.601226994,1435427
0.601226994,2134250
0.601265823,4471
0.60130719,625145
0.602484472,1257033
0.602484472,2074549
0.602484472,2214587
0.602484472,3299840
0.602564103,284000
0.602564103,454939
0.602564103,1422862
0.602836879,7377
0.603448276,23100
0.603658537,1305638
0.603896104,79717
0.603896104,133000
0.603896104,140297
0.603896104,148371
0.603896104,236000
0.603896104,799068
0.603896104,1088782
0.603896104,1123147
0.603896104,1182500
0.603896104,1200791
0.604316547,37000
0.60483871,56000
0.604938272,981890
0.604938272,1077597
0.604938272,1249413
0.604938272,1251138
0.604938272,2036397
0.604938272,2061830
0.604938272,2073028
0.604938272,2370794
0.604938272,2498596
0.604938272,2555964
0.604938272,2751237
0.604938272,2837304
0.604938272,2945087
0.604938272,3077400
0.604938272,3095935
0.604938272,3198975
0.604938272,3293259
0.604938272,3692388
0.605095541,1958173
0.605839416,16700
0.605839416,30000
0.60625,1203424
0.606451613,721500
0.606451613,1230629
0.606451613,1803795
0.607142857,46750
0.607361963,2320210
0.607361963,2538659
0.607843137,2000
0.607843137,377573
0.608695652,51900
0.610062893,2017932
0.61038961,12000
0.61038961,171000
0.61038961,212000
0.61038961,259000
0.61038961,599500
0.61038961,1140000
0.61038961,1344177
0.61038961,2411195
0.611111111,1111107
0.611111111,2017821
0.611111111,2132813
0.611111111,2305467
0.611111111,2342834
0.611111111,2671641
0.611464968,1430697
0.611464968,1830974
0.611842105,444700
0.611842105,703500
0.611842105,781743
0.612903226,569757
0.612903226,1707089
0.612903226,2215041
0.613496933,2424399
0.613924051,1331080
0.614379085,1139500
0.614906832,2468925
0.614906832,3320078
0.615384615,9200
0.616883117,159174
0.616883117,318681
0.616883117,1413288
0.616883117,1593499
0.616883117,1628077
0.617283951,1805020
0.617283951,2192091
0.617283951,2316023
0.617283951,3015948
0.617283951,3336747
0.617283951,3520889
0.617283951,3542271
0.618181818,2782526
0.619354839,1047718
0.619354839,1520969
0.619354839,1602119
0.619354839,1631937
0.619469027,1681507
0.619631902,1597608
0.619631902,3460600
0.620915033,15000
0.620915033,710353
0.620915033,1008000
0.621118012,3264898
0.621428571,806000
0.621794872,967650
0.621794872,1618120
0.621794872,2659990
0.622047244,16700
0.623076923,28726
0.623376623,286000
0.623376623,575238
0.623376623,1497077
0.62345679,2401084
0.62345679,2480016
0.62345679,2661465
0.62345679,2699750
0.62345679,3447608
0.62345679,3775292
0.62406015,10000
0.62406015,15500
0.62406015,43083
0.62406015,75289
0.624203822,1175511
0.624242424,1590136
0.625,988624
0.625,2564492
0.625,3048530
0.625806452,638579
0.625806452,1669568
0.625806452,2225010
0.625806452,2321342
0.626582278,372300
0.627329193,907835
0.627329193,2089645
0.627329193,2603484
0.62745098,104450
0.62745098,566500
0.627906977,1200
0.627906977,54524
0.62804878,2032257
0.628205128,1054000
0.628205128,1060087
0.628571429,294000
0.62962963,566928
0.62962963,1245302
0.62962963,1463288
0.62962963,1889574
0.62962963,2133477
0.62962963,2450451
0.62962963,2629474
0.62962963,2629708
0.62962963,3680718
0.62987013,1165071
0.62987013,1633381
0.630573248,972866
0.631578947,428000
0.632258065,696037
0.632258065,1038164
0.632258065,2006902
0.633587786,2000
0.633587786,5490
0.635802469,2169816
0.635802469,2604635
0.635802469,2627417
0.635802469,2903203
0.635802469,3232420
0.635802469,3284901
0.635802469,3719358
0.636363636,292000
0.636363636,1021489
0.636363636,1502882
0.636363636,1930529
0.636942675,975162
0.638297872,14000
0.638297872,66500
0.639240506,1033035
0.639751553,3465807
0.640522876,243160
0.640522876,1474000
0.641025641,30252
0.641025641,741000
0.641221374,2000
0.641509434,1680427
0.641975309,2287446
0.641975309,2704794
0.641975309,3879508
0.642335766,370180
0.644736842,1578200
0.64516129,3000
0.64516129,32600
0.64516129,856577
0.645962733,1460537
0.646153846,37600
0.647058824,35269
0.647058824,286000
0.647435897,1053678
0.648148148,3048427
0.649122807,1276250
0.649350649,655575
0.649681529,1039111
0.651612903,366173
0.654320988,3361350
0.655629139,1496817
0.655844156,147500
0.655844156,408350
0.655844156,883265
0.65648855,4860
0.658064516,1067362
0.659090909,14000
0.661764706,25000
0.662337662,230000
0.664285714,12684
0.664285714,57759
0.664473684,121000
0.664516129,1475051
0.666666667,15061
0.666666667,1027904
0.666666667,1393273
0.666666667,2315603
0.666666667,2762417
0.668711656,1747726
0.668789809,521512
0.668789809,543918
0.668831169,694500
0.668831169,997519
0.669064748,5000
0.669064748,33000
0.670967742,882336
0.671052632,11263
0.671532847,8000
0.672839506,1012368
0.677419355,1357497
0.678571429,600
0.678571429,85500
0.679487179,532938
0.681818182,665050
0.685714286,285151
0.685897436,761856
0.688311688,300
0.688311688,45353
0.688405797,15000
0.688741722,298000
0.688888889,14500
0.689922481,304881
0.69047619,5000
0.694444444,2842722
0.697368421,965387
0.699346405,364000
0.703703704,40743
0.703703704,2908991
0.709677419,1488141
0.711538462,1337488
0.714285714,3000
0.716049383,3512326
0.732394366,500
0.732394366,45300
0.748387097,118000
0.75,52000
0.8125,38400
0.865853659,1400
0.865853659,1600
0.865853659,46030
